title,author,isbn,copiesAvailable,id
Innovative bifurcated Graphical User Interface,Joseph Graham MD,978-1-116-86414-4,82,1
Public-key multi-tasking array,Megan Porter,978-1-302-50258-4,15,2
Total even-keeled process improvement,Kelly Fitzgerald,978-1-65770-607-1,4,3
Streamlined analyzing knowledgebase,Patrick Gregory,978-0-941038-24-9,95,4
Adaptive national system engine,Christopher Rollins,978-1-5131-3698-1,36,5
Inverse full-range application,Kelly Smith,978-1-172-45397-9,32,6
Organic needs-based interface,Kristy Wong,978-0-11-629016-8,29,7
Diverse homogeneous software,Charles Mclean,978-0-224-95804-2,18,8
Ergonomic mission-critical help-desk,Diana Trevino,978-1-65326-680-7,95,9
Seamless stable project,Raven Munoz,978-0-629-41555-3,14,10
Progressive tangible approach,Andrew Carney,978-0-03-127838-8,87,11
Integrated client-driven instruction set,Nichole Meyer,978-1-58721-132-4,95,12
Phased systematic initiative,William Gordon,978-0-7845-2466-4,70,13
Automated high-level monitoring,Virginia Allen,978-0-568-58270-5,12,14
Programmable empowering hardware,Daniel Moreno,978-1-168-35390-0,76,15
Grass-roots logistical matrices,Keith Martin,978-0-89424-999-0,55,16
Team-oriented dedicated emulation,Kristopher Bennett,978-0-556-02679-2,5,17
Customizable hybrid complexity,Bernard Ortiz,978-0-420-18989-9,4,18
Extended responsive knowledgebase,Barbara West,978-1-953268-40-2,12,19
Fully-configurable responsive open architecture,Wesley Robinson,978-0-9879647-9-3,28,20
Digitized human-resource help-desk,Natalie Jackson,978-1-09-646967-4,30,21
Automated executive system engine,Eric Cochran,978-1-296-16292-4,65,22
Team-oriented systematic service-desk,Heather Beck,978-1-393-67192-3,78,23
Networked heuristic application,Malik Ross,978-1-4209-3693-3,4,24
User-centric demand-driven encoding,Miss Rebecca Adams DDS,978-0-501-74191-6,72,25
Up-sized optimal solution,Christopher Reyes,978-0-87457-463-0,26,26
Reactive explicit installation,Jose King,978-0-396-18121-7,92,27
Integrated 3rdgeneration architecture,Sara Wright,978-0-558-19685-1,84,28
Decentralized intermediate product,Anthony Harding,978-1-126-15159-3,90,29
Assimilated methodical portal,Linda Williams,978-0-8226-7391-0,70,30
Cross-group dedicated framework,Michael Morales,978-1-967475-40-7,54,31
Visionary needs-based algorithm,Ashley Smith,978-1-78434-441-2,29,32
Right-sized heuristic task-force,Justin Thornton,978-1-69866-356-2,58,33
Polarized multi-tasking focus group,David Blake,978-0-19-171376-7,76,34
Optimized human-resource application,Denise Flynn,978-0-366-39340-4,36,35
Face-to-face homogeneous matrices,Rebecca Carter,978-1-991109-69-9,1,36
Streamlined dedicated application,Melody Williamson,978-0-339-05354-0,98,37
Multi-lateral context-sensitive policy,Tyler Love,978-0-7430-0845-7,21,38
Down-sized holistic intranet,Rebecca Greene,978-1-09-004831-8,90,39
Total coherent core,Robert Johnson,978-0-7546-7919-6,55,40
Total zero tolerance open architecture,Vincent Phillips,978-0-508-97569-7,44,41
Profound disintermediate access,Abigail Miller,978-0-87815-591-0,36,42
Proactive global intranet,Phillip Schroeder,978-0-280-78837-9,20,43
Open-architected heuristic policy,Kenneth Kirk,978-1-69323-749-2,28,44
Quality-focused fault-tolerant intranet,Ashley Mccall MD,978-1-03-855629-5,98,45
Total well-modulated initiative,Maxwell Jackson,978-0-00-758588-5,44,46
Function-based high-level monitoring,Bruce Harris,978-1-899885-99-2,14,47
Advanced dynamic architecture,Kevin Parker,978-1-74352-907-2,12,48
Grass-roots 3rdgeneration website,Paula Curtis,978-1-261-76873-1,49,49
Customer-focused optimal collaboration,Crystal Archer,978-0-599-78408-6,13,50
Customizable grid-enabled extranet,Amy Cox,978-1-359-42607-9,46,51
Synergized homogeneous encryption,Christopher Duran,978-0-01-094562-1,45,52
Intuitive multi-tasking website,Kayla Castro,978-1-4891-4426-3,78,53
Function-based cohesive monitoring,Michael English,978-0-538-09054-4,34,54
Business-focused cohesive firmware,Andrew Hess,978-0-668-16975-2,6,55
Profit-focused optimizing strategy,Miguel Rose,978-0-596-26742-1,94,56
Grass-roots multimedia policy,Mary Byrd,978-0-7480-5145-8,59,57
Innovative transitional website,Scott Smith,978-1-273-22751-6,69,58
Inverse attitude-oriented capacity,Heidi Silva,978-1-06-633175-8,16,59
Centralized multimedia leverage,Dana Patton,978-1-275-96479-2,49,60
Multi-channeled maximized instruction set,Jerry Cox,978-1-230-37004-0,11,61
Progressive modular knowledgebase,Kevin Smith,978-1-352-81387-6,71,62
Customizable system-worthy concept,Michael Waller,978-0-445-29614-5,38,63
Phased stable pricing structure,Amanda Barnett,978-1-63963-806-2,81,64
Upgradable asynchronous extranet,Kevin Wallace,978-1-306-74706-6,80,65
Profound maximized Graphical User Interface,Mrs. Savannah Quinn,978-0-89167-488-7,47,66
Stand-alone neutral forecast,Elizabeth Crawford,978-0-14-889636-9,74,67
De-engineered uniform matrix,Jessica Thompson,978-1-07-942165-1,25,68
Realigned needs-based methodology,Alicia Ballard,978-1-79123-625-0,91,69
Object-based empowering software,Janice Andrews,978-0-486-51746-9,9,70
Ameliorated well-modulated initiative,Ronald Brown,978-1-82955-802-6,6,71
Enterprise-wide national alliance,Mary Luna,978-0-7920-8233-0,85,72
Universal asynchronous pricing structure,Karen Wyatt,978-1-873227-72-5,30,73
Public-key directional website,David Powers,978-1-989761-67-0,99,74
Versatile static forecast,Michael Sampson,978-0-417-11249-7,38,75
Automated context-sensitive customer loyalty,Charles Rodriguez,978-1-08-972777-4,11,76
Cloned system-worthy interface,Ashley Wilson,978-1-9845-5944-9,30,77
Pre-emptive analyzing challenge,Robert Nolan,978-0-639-59379-1,13,78
Focused bottom-line migration,Kyle Watkins,978-1-65206-893-8,49,79
Stand-alone intermediate artificial intelligence,John Clark,978-0-7338-9914-0,36,80
Inverse grid-enabled framework,Gary Thomas,978-0-251-11069-7,59,81
Total grid-enabled product,Cheryl Hodges,978-0-244-19558-8,82,82
Virtual stable service-desk,Regina Larson,978-0-14-207534-0,47,83
Quality-focused multi-state open architecture,Veronica Ochoa,978-1-917053-47-1,21,84
Streamlined tertiary attitude,Katelyn Roman,978-1-337-33024-4,48,85
Focused discrete core,Krista Mitchell,978-1-116-10048-8,46,86
Cross-group intermediate database,Randy Ruiz,978-1-302-11114-4,27,87
Focused dynamic contingency,Amanda Perkins,978-0-585-79637-6,86,88
Universal global infrastructure,Gavin Conner,978-0-523-94018-2,35,89
De-engineered tertiary initiative,Roy Blackburn,978-1-67786-031-9,90,90
User-friendly homogeneous approach,Aaron Wells,978-0-07-481883-1,88,91
Reverse-engineered solution-oriented matrix,Brenda Montgomery,978-1-4938-2382-6,83,92
Cloned fault-tolerant leverage,Yvette Stephens,978-1-08-778654-4,10,93
Total responsive focus group,Steven Rivas,978-1-81765-053-4,78,94
Visionary 4thgeneration implementation,Andrew Gonzalez,978-1-02-926452-9,82,95
Multi-channeled web-enabled intranet,Cody Matthews,978-0-85914-641-8,22,96
Programmable contextually-based concept,Sara Lee,978-0-309-72111-0,69,97
Down-sized disintermediate frame,Johnny Phillips,978-0-482-89323-9,94,98
Devolved client-server hardware,Dana Deleon,978-0-627-62393-6,32,99
Quality-focused system-worthy infrastructure,Daniel Davenport,978-0-421-02324-6,21,100
