name,email,password,role,id
Veronica Copeland,nhoward@example.com,c0!PzJys)o,ADMIN,2
Bobby Moore,paul64@example.net,ow0XSd%rB!,ADMIN,3
Robert Roberts,phillipszachary@example.net,@q61F5xpG_,ADMIN,4
William Torres,dianeward@example.org,h)^Rs!hp$2,PATRON,5
Devon Crawford,andrew64@example.net,DF+3QerA3#,ADMIN,6
Cassandra Powers,hfletcher@example.net,9pHo5Gkg%W,PATRON,7
Valerie Small,allisonbarrett@example.com,G)2Rb7GbwR,PATRON,8
Stephanie Zimmerman,perezthomas@example.com,%t9d5ANiJc,PATRON,9
Leah Arnold,chayes@example.org,!yR5OPzvJH,ADMIN,10
Rachel Smith,james89@example.com,5iX9ZDXt!d,ADMIN,11
Laura Cervantes,kaitlynfrazier@example.com,)1GcrNYT#p,ADMIN,12
Veronica Wilson,chad19@example.org,(e8XbptV38,PATRON,13
Laura Fuentes,latoya09@example.org,D%nw8Pkg!_,PATRON,14
Derek Bailey,awatts@example.net,0jq7SWcf^*,ADMIN,15
Daniel Thomas,jasondean@example.org,H54UYk4HX%,PATRON,16
Isaac Irwin,phillipramos@example.org,4AwE_jk@@^,ADMIN,17
Kiara Underwood,ajennings@example.net,&)UKk6Nz8T,ADMIN,18
Nicole Michael,jenkinsangela@example.org,3iHe^ch&$k,ADMIN,19
Robert Boone,taylorerica@example.org,3zSa_l)I%#,PATRON,20
Jessica Luna,mary22@example.com,js7T_rxN#&,ADMIN,21
Kari Parker,pwoods@example.net,(QJQ_0tve8,PATRON,22
Jonathan Cook,kerri10@example.net,+JCMKg_f9r,PATRON,23
Robert Lee,aaron46@example.org,@0)2Pbv*Il,ADMIN,24
Dr. Stephanie Harvey,millervictor@example.org,)J1oI#gG$t,ADMIN,25
Eugene Carr,hperez@example.net,)Oa#ZqzhH9,ADMIN,26
Stephen Hudson,jacobjohnson@example.com,i_TV5F7q!M,ADMIN,27
Tyler Avery,christopher74@example.org,+aVeAtY5L3,PATRON,28
Sara Kelly,rogerskenneth@example.org,m3WPOV)L+9,PATRON,29
Ivan Reynolds,weberemily@example.com,l8%%l7GfRX,ADMIN,30
Hayley Jackson,christopherdavis@example.com,@a!jH8od0Q,PATRON,31
Stacy Brown,lwilson@example.com,)2nmpPGCFm,PATRON,32
Kimberly Kelly,shirleyaguirre@example.com,J&13Dks#hN,PATRON,33
Ashley Johnson,pmason@example.org,b+Y5W*i*)6,PATRON,34
Suzanne Watson,eileen18@example.net,E7SMkNMd*y,PATRON,35
Sonya Weaver,nolankeith@example.net,^2TOBLQr(u,ADMIN,36
Stephen Lewis,nfox@example.com,!S7hDNRk02,PATRON,37
Michael Hamilton,uhayes@example.net,_5Nrj1oaek,ADMIN,38
Alicia Hall,tommytaylor@example.com,!(7FMLik_3,ADMIN,39
Chad Barnett,ortiztaylor@example.net,^UcCiIhe93,ADMIN,40
Jeffery Donovan,christopher66@example.org,9%8@SHxeu3,ADMIN,41
Amber Richardson,laurachan@example.org,$21Y*QVYkt,PATRON,42
Miguel Hudson,rossvalerie@example.org,*6UR1t!uRQ,PATRON,43
Emily Vega,dhammond@example.net,I5+UGlf*@1,ADMIN,44
Douglas Munoz,nwilliams@example.net,1vHYZFEy#S,ADMIN,45
Felicia Reed,jenniferarmstrong@example.net,5O@_b9WnE@,PATRON,46
Ryan Braun,sarahbrown@example.org,23FJp&pT@h,ADMIN,47
Teresa Romero,qstephens@example.com,!4d440YgMt,ADMIN,48
Dr. Jason Kirby,jose15@example.net,RalVgVnk&4,PATRON,49
Micheal Shelton,nday@example.com,)VF35Qvke%,ADMIN,50
Daniel Woods,valentinealexander@example.net,!8&t9KSs7x,PATRON,51
